especie,fiebre,espasmos,convulsiones,desorientacion,temblores,tos_seca,jadeo_excesivo,arcadas_frecuentes,dificultad_comer,asfixia_aparente,vomitos,letargo,tos,diarrea,respiracion_rapida,cianosis,nauseas,gases,heces_con_sangre,heces_negras,estreñimiento,encias_palidas,encias_rojas,llenado_capilar_lento,picazon,perdida_pelo,piel_enrojecida,heridas_piel,costras,mal_olor_piel,ojos_llorosos,secrecion_ocular,ojos_rojos,pupilas_dilatadas,dolor_al_moverse,orina_frecuente,dificultad_orinar,sangre_en_orina,orina_oscura,agresividad,ansiedad,aislamiento,confusion,enfermedad
perro,1,0,0,0,0,0,0,0,1,0,1,1,0,1,0,0,0,1,0,0,0,1,0,1,0,0,0,0,0,0,0,0,0,0,1,0,0,0,0,0,1,0,0,parvovirus
perro,1,0,0,0,0,0,0,0,1,0,2,1,0,1,0,0,0,1,0,0,0,1,0,1,0,0,0,0,0,0,0,0,0,0,1,0,0,0,0,0,1,0,0,parvovirus
perro,2,0,0,0,0,0,0,0,2,0,2,2,0,2,0,0,1,1,1,0,0,2,0,1,0,0,0,0,0,0,1,0,0,0,1,0,0,0,0,0,1,1,0,parvovirus
perro,2,0,0,0,0,0,0,0,2,0,3,2,0,2,0,0,1,1,1,0,0,2,0,1,0,0,0,0,0,0,1,0,0,0,1,0,0,0,0,0,1,1,0,parvovirus
perro,2,0,0,0,0,0,0,0,2,0,3,2,0,3,1,0,2,2,2,0,0,2,0,2,0,0,0,0,0,0,1,1,0,0,1,0,0,0,0,0,1,1,1,parvovirus
perro,3,0,0,0,0,0,0,0,3,0,3,3,0,3,1,0,2,2,3,1,0,2,0,2,0,0,0,0,0,0,1,1,0,0,1,0,0,0,0,0,1,1,1,parvovirus
perro,3,0,0,0,0,0,0,0,3,0,3,3,0,3,2,0,3,2,3,1,0,3,0,2,0,0,0,0,0,0,1,2,0,0,2,0,0,0,0,0,1,2,1,parvovirus
perro,3,0,0,0,0,0,0,0,3,0,3,3,0,3,2,1,3,2,3,1,1,3,0,2,0,0,0,0,0,0,2,2,0,0,2,0,0,0,0,0,2,2,1,parvovirus
perro,3,0,0,0,0,0,0,0,3,0,3,3,0,3,3,1,3,3,3,1,1,3,0,3,0,0,0,0,0,0,2,3,0,0,2,0,0,0,0,0,2,3,1,parvovirus
perro,3,0,0,0,0,0,0,0,3,0,3,3,0,3,3,1,3,3,3,2,1,3,0,3,0,0,0,0,0,0,3,3,0,0,3,0,0,0,0,0,3,3,2,parvovirus
gato,1,0,0,0,0,0,0,0,1,0,1,1,0,1,0,0,1,0,1,0,0,1,0,1,0,0,0,0,0,0,0,0,0,0,0,0,0,0,0,0,0,1,1,panleucopenia
gato,1,0,0,0,0,0,0,0,1,0,2,1,0,1,0,0,1,0,1,0,0,1,0,1,0,0,0,0,0,0,0,0,0,0,0,0,0,0,0,0,0,1,1,panleucopenia
gato,2,0,0,0,0,0,0,0,2,0,2,2,0,2,0,0,2,0,2,0,0,2,0,2,0,0,0,0,0,0,1,0,0,0,1,0,0,0,0,0,1,1,1,panleucopenia
gato,2,0,0,0,0,0,0,0,2,0,3,2,0,2,1,0,2,0,2,1,0,2,0,2,0,0,0,0,0,0,1,0,0,0,1,0,0,0,0,0,1,1,1,panleucopenia
gato,2,0,0,0,0,0,0,0,2,0,3,2,0,3,1,0,2,1,2,1,0,3,0,2,0,0,0,0,0,0,1,0,0,1,1,0,0,0,0,0,1,2,1,panleucopenia
gato,3,0,0,0,0,0,0,0,3,0,3,3,0,3,1,0,2,1,2,1,0,3,0,2,0,0,0,0,0,0,1,0,0,1,1,0,0,0,0,0,1,2,1,panleucopenia
gato,3,0,0,0,0,0,0,0,3,0,3,3,0,3,2,0,3,1,2,1,0,3,0,3,0,0,0,0,0,0,1,1,0,1,1,0,0,0,0,0,2,2,1,panleucopenia
gato,3,0,0,0,0,0,0,0,3,0,3,3,0,3,2,1,3,1,3,1,0,3,0,3,0,0,0,0,0,0,2,1,0,1,1,0,0,0,0,0,2,2,2,panleucopenia
gato,3,0,0,0,0,0,0,0,3,0,3,3,0,3,3,1,3,1,3,2,0,3,0,3,0,0,0,0,0,0,2,1,0,1,1,0,0,0,0,0,2,3,2,panleucopenia
gato,3,0,0,0,0,0,0,0,3,0,3,3,0,3,3,1,3,1,3,2,0,3,0,3,0,0,0,0,0,0,3,1,0,2,1,0,0,0,0,0,3,3,2,panleucopenia
perro,1,0,0,0,0,0,0,0,1,0,1,1,0,1,0,0,1,1,1,0,0,1,0,1,0,0,0,0,0,0,0,0,0,0,1,0,0,0,0,0,1,1,0,gastroenteritis
perro,1,0,0,0,0,0,0,0,1,0,2,1,0,1,0,0,2,1,1,0,0,2,0,1,0,0,0,0,0,0,0,0,0,0,1,0,0,0,0,0,1,1,0,gastroenteritis
perro,2,0,0,0,0,0,1,1,2,0,2,2,0,2,0,0,2,2,1,0,0,2,0,1,0,0,0,0,0,0,1,0,0,0,1,0,0,0,0,0,1,1,1,gastroenteritis
perro,2,0,0,0,0,0,1,1,2,0,3,2,0,2,1,0,3,2,1,0,1,0,1,1,0,0,0,0,0,0,0,0,0,0,1,0,0,0,0,0,1,1,1,gastroenteritis
perro,2,0,0,0,0,0,1,1,2,0,3,2,0,3,1,0,3,2,2,1,1,3,0,2,0,0,0,0,0,0,1,0,0,1,1,0,0,0,0,0,1,2,1,gastroenteritis
perro,3,0,0,0,0,0,1,2,3,0,3,3,0,3,1,0,3,2,3,1,0,3,0,2,0,0,0,0,0,0,1,1,0,1,1,0,0,0,0,0,1,2,1,gastroenteritis
perro,3,0,0,0,0,0,1,2,3,0,3,3,0,3,2,0,3,2,3,1,0,3,0,2,0,0,0,0,0,0,1,2,0,1,1,0,0,0,0,0,2,2,1,gastroenteritis
perro,3,0,0,0,0,0,1,2,3,0,3,3,0,3,2,1,3,2,3,1,1,3,0,2,0,0,0,0,0,0,2,2,0,2,1,0,0,0,0,0,2,2,2,gastroenteritis
perro,3,0,0,0,0,0,1,2,3,0,3,3,0,3,3,1,3,3,3,1,1,3,0,3,0,0,0,0,0,0,2,3,0,2,1,0,0,0,0,0,2,3,2,gastroenteritis
perro,3,0,0,0,0,0,2,2,3,0,3,3,0,3,3,1,3,3,3,2,1,3,0,3,0,0,0,0,0,0,3,3,0,3,1,0,0,0,0,0,3,3,2,gastroenteritis
gato,1,0,0,0,0,0,0,0,1,0,1,1,0,1,0,0,1,0,0,0,0,0,0,0,0,0,0,0,0,0,1,0,0,0,0,0,0,0,0,0,0,1,0,gastroenteritis
gato,1,0,0,0,0,0,0,0,1,0,2,1,0,1,0,0,1,0,0,0,0,0,0,0,0,0,0,0,0,0,1,0,0,0,0,0,0,0,0,0,0,1,0,gastroenteritis
gato,2,0,0,0,0,0,0,0,2,0,2,2,0,2,0,0,2,0,1,0,0,2,0,1,0,0,0,0,0,0,1,0,0,0,1,0,0,0,0,0,1,1,0,gastroenteritis
gato,2,0,0,0,0,0,0,0,2,0,3,2,0,2,1,0,2,0,1,0,0,2,0,1,0,0,0,0,0,0,1,0,0,0,1,0,0,0,0,0,1,1,0,gastroenteritis
gato,2,0,0,0,0,0,0,0,2,0,3,2,0,3,1,0,2,1,1,0,0,3,0,2,0,0,0,0,0,0,1,0,0,1,1,0,0,0,0,0,1,1,1,gastroenteritis
gato,3,0,0,0,0,0,0,0,3,0,3,3,0,3,1,0,2,1,1,0,0,3,0,2,0,0,0,0,0,0,1,0,0,1,1,0,0,0,0,0,1,2,1,gastroenteritis
gato,3,0,0,0,0,0,0,0,3,0,3,3,0,3,2,0,3,1,1,0,0,3,0,3,0,0,0,0,0,0,1,1,0,1,1,0,0,0,0,0,2,2,1,gastroenteritis
gato,3,0,0,0,0,0,0,0,3,0,3,3,0,3,2,1,3,1,2,0,0,3,0,3,0,0,0,0,0,0,2,1,0,1,1,0,0,0,0,0,2,2,2,gastroenteritis
gato,3,0,0,0,0,0,0,0,3,0,3,3,0,3,3,1,3,1,2,0,0,3,0,3,0,0,0,0,0,0,2,1,0,1,1,0,0,0,0,0,2,3,2,gastroenteritis
gato,3,0,0,0,0,0,0,0,3,0,3,3,0,3,3,1,3,1,3,1,0,3,0,3,0,0,0,0,0,0,3,1,0,2,1,0,0,0,0,0,3,3,2,gastroenteritis
perro,1,0,0,0,1,0,0,1,1,0,1,1,0,1,0,0,1,1,0,0,0,0,0,0,0,0,0,0,0,0,0,0,0,1,0,0,0,0,0,1,1,0,0,intoxicacion_alimentaria
perro,1,0,0,0,1,0,0,1,1,0,2,1,0,1,0,0,1,1,0,0,0,0,0,0,0,0,0,0,0,0,0,0,0,1,0,0,0,0,0,1,1,0,0,intoxicacion_alimentaria
perro,2,1,0,1,1,0,1,1,2,0,2,2,0,2,1,0,2,1,1,0,1,0,1,1,0,0,0,0,0,0,0,0,0,1,1,0,0,0,0,1,2,1,1,intoxicacion_alimentaria
perro,2,1,0,1,1,0,1,2,2,0,3,2,0,2,1,0,3,2,1,0,1,0,1,1,0,0,0,0,0,0,0,0,0,1,1,0,0,0,0,1,2,1,1,intoxicacion_alimentaria
perro,2,1,0,1,2,0,1,2,2,0,3,2,0,3,1,0,3,2,2,0,1,0,1,1,0,0,0,0,0,0,0,0,0,1,1,0,0,0,0,1,2,2,1,intoxicacion_alimentaria
perro,3,1,0,1,2,0,1,2,3,0,3,3,0,3,1,0,3,2,3,1,0,3,0,2,0,0,0,0,0,0,0,0,0,1,1,0,0,0,0,1,2,2,1,intoxicacion_alimentaria
perro,3,1,0,1,2,0,1,2,3,0,3,3,0,3,2,0,3,2,3,1,0,3,0,2,0,0,0,0,0,0,0,0,0,1,1,0,0,0,0,2,2,2,1,intoxicacion_alimentaria
perro,3,1,0,1,2,0,1,2,3,0,3,3,0,3,2,1,3,2,3,1,1,3,0,2,0,0,0,0,0,0,0,0,0,1,1,0,0,0,0,2,2,2,1,intoxicacion_alimentaria
perro,3,1,0,1,2,0,1,2,3,0,3,3,0,3,3,1,3,3,3,1,1,3,0,3,0,0,0,0,0,0,0,0,0,1,1,0,0,0,0,2,3,2,1,intoxicacion_alimentaria
perro,3,1,0,1,2,1,1,2,3,0,3,3,0,3,3,1,3,3,3,2,1,3,0,3,0,0,0,0,0,0,0,0,0,1,1,0,0,0,0,3,3,2,1,intoxicacion_alimentaria
gato,1,0,0,0,1,0,0,0,1,0,1,1,0,1,0,0,1,0,0,0,0,0,0,0,0,0,0,0,0,0,1,0,0,0,0,0,0,0,0,0,1,1,0,intoxicacion_alimentaria
gato,1,0,0,0,1,0,0,0,1,0,2,1,0,1,0,0,1,0,0,0,0,0,0,0,0,0,0,0,0,0,1,0,0,0,0,0,0,0,0,0,1,1,0,intoxicacion_alimentaria
gato,2,1,0,1,1,0,0,1,2,0,2,2,0,2,1,0,2,1,0,0,1,0,1,1,0,0,0,0,0,0,1,0,0,0,1,0,0,0,0,0,1,2,1,intoxicacion_alimentaria
gato,2,1,0,1,1,0,0,1,2,0,3,2,0,2,1,0,3,1,1,0,1,0,1,1,0,0,0,0,0,0,1,0,0,0,1,0,0,0,0,0,1,2,1,intoxicacion_alimentaria
gato,2,1,0,1,1,0,0,1,2,0,3,2,0,3,1,0,3,1,1,0,1,0,1,1,0,0,0,0,0,0,1,0,0,1,1,0,0,0,0,0,1,2,2,intoxicacion_alimentaria
gato,3,1,0,1,1,0,0,1,3,0,3,3,0,3,1,0,3,1,2,0,1,0,1,1,0,0,0,0,0,0,1,1,0,1,1,0,0,0,0,0,2,2,1,intoxicacion_alimentaria
gato,3,1,0,1,1,0,0,1,3,0,3,3,0,3,2,0,3,1,2,0,1,0,1,1,0,0,0,0,0,0,1,1,0,1,1,0,0,0,0,0,2,2,1,intoxicacion_alimentaria
gato,3,1,0,1,1,0,0,1,3,0,3,3,0,3,2,1,3,1,2,0,1,0,2,1,0,0,0,0,0,0,2,1,0,1,1,0,0,0,0,0,2,2,2,intoxicacion_alimentaria
gato,3,1,0,1,1,0,0,1,3,0,3,3,0,3,3,1,3,1,2,1,0,3,0,2,0,0,0,0,0,0,2,1,0,1,1,0,0,0,0,0,2,3,2,intoxicacion_alimentaria
gato,3,1,0,1,1,1,0,1,3,0,3,3,0,3,3,1,3,1,3,1,0,3,0,3,0,0,0,0,0,0,3,1,0,2,1,0,0,0,0,0,3,3,2,intoxicacion_alimentaria
perro,1,0,0,0,0,1,0,1,1,0,0,0,1,0,1,0,0,0,0,0,0,0,0,0,0,0,0,0,0,0,0,0,0,0,0,0,0,0,0,0,1,1,0,tos_de_las_perreras
perro,1,0,0,0,0,1,0,1,1,0,0,1,1,0,1,0,0,0,0,0,0,0,0,0,0,0,0,0,0,0,0,0,0,0,0,0,0,0,0,0,1,1,0,tos_de_las_perreras
perro,2,0,0,0,0,2,0,2,1,0,0,1,2,0,2,0,0,0,0,0,0,0,0,0,0,0,0,0,0,0,0,0,0,0,0,0,0,0,0,0,1,2,1,tos_de_las_perreras
perro,2,0,0,0,0,2,0,2,2,0,0,2,2,0,2,0,0,0,0,0,0,0,0,0,0,0,0,0,0,0,0,0,0,0,0,0,0,0,0,0,1,2,1,tos_de_las_perreras
perro,2,0,0,0,0,2,1,2,2,0,0,2,2,0,2,0,0,0,0,0,0,0,0,0,0,0,0,0,0,0,0,0,0,0,0,0,0,0,0,0,2,2,1,tos_de_las_perreras
perro,3,0,0,0,0,3,1,3,2,0,0,2,3,0,3,0,0,0,0,0,0,0,0,0,0,0,0,0,0,0,0,0,0,0,0,0,0,0,0,0,2,2,1,tos_de_las_perreras
perro,3,0,0,0,0,3,1,3,2,0,0,3,3,0,3,0,0,0,0,0,0,0,0,0,0,0,0,0,0,0,0,0,0,0,0,0,0,0,0,0,2,2,2,tos_de_las_perreras
perro,3,0,0,0,0,3,2,3,3,0,0,3,3,0,3,0,0,0,0,0,0,0,0,0,0,0,0,0,0,0,0,0,0,0,0,0,0,0,0,0,3,3,2,tos_de_las_perreras
perro,3,0,0,0,0,3,2,3,3,0,0,3,3,0,3,0,0,0,0,0,0,0,0,0,0,0,0,0,0,0,0,0,0,0,0,0,0,0,0,0,3,3,2,tos_de_las_perreras
perro,3,0,0,0,0,3,3,3,3,0,0,3,3,0,3,0,0,0,0,0,0,0,0,0,0,0,0,0,0,0,0,0,0,0,0,0,0,0,0,0,3,3,3,tos_de_las_perreras
perro,1,0,0,0,0,1,1,0,1,1,0,1,1,0,1,1,0,0,0,0,0,0,1,0,1,0,0,0,0,0,0,0,0,0,0,0,0,0,0,0,0,1,0,neumonia_canina
perro,1,0,0,0,0,1,1,0,1,1,0,2,1,0,1,1,0,0,0,0,0,0,1,0,1,0,0,0,0,0,0,0,0,0,0,0,0,0,0,0,0,1,0,neumonia_canina
perro,2,0,0,0,0,1,2,0,1,1,0,2,2,0,2,1,0,0,0,0,0,0,1,0,2,0,0,0,0,0,0,0,0,0,0,0,0,0,0,0,0,2,1,neumonia_canina
perro,2,0,0,0,0,1,2,0,1,1,0,3,2,0,2,1,0,0,0,0,0,0,1,0,2,0,0,0,0,0,0,0,0,0,0,0,0,0,0,0,0,2,1,neumonia_canina
perro,2,0,0,0,0,1,2,0,1,1,0,3,2,0,3,1,0,0,0,0,0,0,1,0,2,0,0,0,0,0,0,0,0,0,0,0,0,0,0,0,0,2,2,neumonia_canina
perro,3,0,0,0,0,1,2,0,1,1,0,3,3,0,3,2,0,0,0,0,0,0,1,0,2,0,0,0,0,0,0,0,0,0,0,0,0,0,0,0,0,2,2,neumonia_canina
perro,3,0,0,0,0,1,2,1,1,1,0,3,3,0,3,2,0,0,0,0,0,0,1,0,2,0,0,0,0,0,0,0,0,0,0,0,0,0,0,0,0,3,2,neumonia_canina
perro,3,0,0,0,0,2,2,1,1,1,0,3,3,0,3,2,0,0,0,0,0,0,1,0,2,0,0,0,0,0,0,0,0,0,0,0,0,0,0,0,0,3,2,neumonia_canina
perro,3,0,0,0,0,2,3,1,1,1,0,3,3,0,3,2,0,0,0,0,0,0,1,0,2,0,0,0,0,0,0,0,0,0,0,0,0,0,0,0,0,3,3,neumonia_canina
perro,3,0,0,0,0,3,3,2,1,1,0,3,3,0,3,2,0,0,0,0,0,0,1,0,3,0,0,0,0,0,0,0,0,0,0,0,0,0,0,0,0,3,3,neumonia_canina
gato,1,0,0,0,0,0,1,0,1,1,0,1,1,0,1,1,0,0,0,0,0,0,0,0,1,0,0,0,0,0,1,1,0,0,0,0,0,0,0,0,0,1,1,neumonia_felina
gato,1,0,0,0,0,0,1,0,1,1,0,1,1,0,1,1,0,0,0,0,0,0,0,0,1,0,0,0,0,0,1,1,0,0,0,0,0,0,0,0,0,1,1,neumonia_felina
gato,2,0,0,0,0,0,1,1,1,1,0,2,2,0,2,1,0,0,0,0,0,0,1,0,2,0,0,0,0,0,1,1,0,0,0,0,0,0,0,0,0,2,1,neumonia_felina
gato,2,0,0,0,0,0,1,1,1,1,0,2,2,0,2,1,0,0,0,0,0,0,1,0,2,0,0,0,0,0,1,1,0,0,0,0,0,0,0,0,0,2,1,neumonia_felina
gato,2,0,0,1,0,0,1,1,1,1,0,2,2,0,2,1,0,0,0,0,0,0,1,0,2,0,0,0,0,0,1,1,0,0,1,0,0,0,0,0,0,2,2,neumonia_felina
gato,3,0,0,1,0,0,2,1,1,1,0,3,2,0,3,2,0,0,0,0,0,0,1,0,2,0,0,0,0,0,2,2,0,1,0,0,0,0,0,0,0,2,2,neumonia_felina
gato,3,0,0,1,0,0,2,1,1,1,0,3,2,0,3,2,0,0,0,0,0,0,1,0,2,0,0,0,0,0,2,2,0,1,0,0,0,0,0,0,0,2,2,neumonia_felina
gato,3,0,0,1,0,0,2,2,1,1,0,3,2,0,3,2,0,0,0,0,0,0,1,0,2,0,0,0,0,0,2,2,0,1,0,0,0,0,0,0,0,3,2,neumonia_felina
gato,3,0,0,1,0,0,2,2,1,1,0,3,3,0,3,2,0,0,0,0,0,0,1,0,2,0,0,0,0,0,2,2,0,1,0,0,0,0,0,0,0,3,3,neumonia_felina
gato,3,0,0,1,0,0,2,3,1,1,0,3,3,0,3,2,0,0,0,0,0,0,1,0,3,0,0,0,0,0,2,2,0,1,0,0,0,0,0,0,0,3,3,neumonia_felina
perro,1,0,0,0,1,0,0,0,1,0,1,1,0,1,0,0,0,0,0,0,0,0,0,0,0,0,0,0,0,0,1,1,1,0,0,0,0,0,0,0,0,0,0,moquillo
perro,1,1,0,0,1,0,0,0,1,0,1,1,0,1,0,0,0,0,0,0,0,0,0,0,0,0,0,0,0,0,1,1,1,0,0,0,0,0,0,0,0,0,0,moquillo
perro,2,1,1,1,2,0,1,0,1,0,2,2,0,2,1,0,1,0,0,0,0,0,1,0,1,0,0,0,0,0,2,2,1,0,0,0,0,0,0,1,1,1,1,moquillo
perro,2,1,1,1,2,1,1,0,1,0,2,2,0,2,1,0,1,1,0,0,0,1,1,1,0,0,0,0,0,0,2,2,1,1,0,0,0,0,0,1,1,1,1,moquillo
perro,2,2,1,1,2,1,1,0,1,0,2,3,1,2,2,0,1,1,1,0,0,1,1,1,0,0,0,0,0,0,2,2,2,1,1,0,0,0,0,1,1,1,2,moquillo
perro,3,2,2,2,3,1,1,0,1,0,3,3,2,2,2,0,1,1,1,0,0,1,1,1,0,0,0,0,0,0,2,2,2,1,2,0,0,0,0,0,1,1,2,moquillo
perro,3,2,2,2,3,1,2,0,1,0,3,3,2,3,2,0,1,1,1,0,0,1,1,2,0,0,0,0,0,0,2,2,2,1,2,0,0,0,0,0,1,1,2,moquillo
perro,3,2,2,2,3,2,2,0,1,0,3,3,2,3,2,1,1,1,1,0,0,2,1,2,0,0,0,0,0,0,2,2,2,1,2,0,0,0,0,0,1,1,3,moquillo
perro,3,2,2,2,3,2,3,1,1,0,3,3,3,3,2,1,1,2,1,0,0,2,2,2,0,0,0,0,0,0,2,2,2,1,2,1,0,0,0,0,1,1,3,moquillo
perro,3,3,3,3,3,3,3,2,1,0,3,3,3,3,3,2,2,3,2,1,0,3,3,3,1,0,0,0,0,0,3,3,3,2,3,1,0,0,0,0,2,2,3,moquillo
perro,0,0,0,0,0,0,0,0,0,0,0,1,0,0,0,0,0,0,0,0,0,0,0,0,1,1,1,1,1,1,0,0,0,0,1,0,0,0,0,0,0,1,1,dermatitis_alergica
perro,0,0,0,0,0,0,0,0,0,0,0,1,0,0,0,0,0,0,0,0,0,0,0,0,1,1,2,1,1,1,0,0,0,0,1,0,0,0,0,0,0,1,1,dermatitis_alergica
perro,0,0,0,0,0,0,0,0,0,0,0,2,0,0,0,0,0,0,0,0,0,0,0,0,2,2,2,1,1,1,0,0,0,0,1,0,0,0,0,0,0,1,1,dermatitis_alergica
perro,0,0,0,0,0,0,0,0,0,0,0,2,0,0,0,0,0,0,0,0,0,0,0,0,2,2,3,1,2,2,0,0,0,0,1,0,0,0,0,0,0,2,1,dermatitis_alergica
perro,0,0,0,0,0,0,0,0,0,0,0,2,0,0,0,0,0,0,0,0,0,0,0,0,3,2,3,2,2,2,0,0,0,0,1,0,0,0,0,0,0,2,1,dermatitis_alergica
perro,0,0,0,0,0,0,0,0,0,0,0,3,0,0,0,0,0,0,0,0,0,0,0,0,3,3,3,2,2,2,0,0,0,0,1,0,0,0,0,0,0,2,1,dermatitis_alergica
perro,0,0,0,0,0,0,0,0,0,0,0,3,0,0,0,0,0,0,0,0,0,0,0,0,3,3,3,3,3,3,0,0,0,0,2,0,0,0,0,0,0,2,2,dermatitis_alergica
perro,0,0,0,0,0,0,0,0,0,0,0,3,0,0,0,0,0,0,0,0,0,0,0,0,3,3,3,3,3,3,0,0,0,0,2,1,0,0,0,0,0,2,2,dermatitis_alergica
perro,0,0,0,0,0,0,0,0,0,0,0,3,0,0,0,0,0,0,0,0,0,0,0,0,3,3,3,3,3,3,1,0,0,0,2,2,0,0,0,0,0,3,2,dermatitis_alergica
perro,0,0,0,0,0,0,0,0,0,0,0,3,0,0,0,0,0,0,0,0,0,0,0,0,3,3,3,3,3,3,2,1,0,0,3,3,0,0,0,0,0,3,3,dermatitis_alergica
gato,0,0,0,0,0,0,0,0,0,0,0,1,0,0,0,0,0,0,0,0,0,0,0,0,1,1,1,1,1,1,0,0,0,0,1,0,0,0,0,0,0,1,1,dermatitis_alergica
gato,0,0,0,0,0,0,0,0,0,0,0,1,0,0,0,0,0,0,0,0,0,0,0,0,1,1,2,1,1,1,0,0,0,0,1,0,0,0,0,0,0,1,1,dermatitis_alergica
gato,0,0,0,0,0,0,0,0,0,0,0,2,0,0,0,0,0,0,0,0,0,0,0,0,2,2,2,1,1,1,0,0,0,0,1,0,0,0,0,0,0,2,1,dermatitis_alergica
gato,0,0,0,0,0,0,0,0,0,0,0,2,0,0,0,0,0,0,0,0,0,0,0,0,2,2,3,1,2,2,0,0,0,0,1,0,0,0,0,0,0,2,1,dermatitis_alergica
gato,0,0,0,0,0,0,0,0,0,0,0,2,0,0,0,0,0,0,0,0,0,0,0,0,3,2,3,2,2,2,0,0,0,0,1,0,0,0,0,0,0,2,1,dermatitis_alergica
gato,0,0,0,0,0,0,0,0,0,0,0,3,0,0,0,0,0,0,0,0,0,0,0,0,3,3,3,2,2,2,0,0,0,0,1,0,0,0,0,0,0,2,1,dermatitis_alergica
gato,0,0,0,0,0,0,0,0,0,0,0,3,0,0,0,0,0,0,0,0,0,0,0,0,3,3,3,3,3,3,0,0,0,0,2,0,0,0,0,0,0,2,2,dermatitis_alergica
gato,0,0,0,0,0,0,0,0,0,0,0,3,0,0,0,0,0,0,0,0,0,0,0,0,3,3,3,3,3,3,0,0,0,0,2,1,0,0,0,0,0,2,2,dermatitis_alergica
gato,0,0,0,0,0,0,0,0,0,0,0,3,0,0,0,0,0,0,0,0,0,0,0,0,3,3,3,3,3,3,1,0,0,0,2,2,0,0,0,0,0,3,2,dermatitis_alergica
gato,0,0,0,0,0,0,0,0,0,0,0,3,0,0,0,0,0,0,0,0,0,0,0,0,3,3,3,3,3,3,2,1,0,0,3,3,0,0,0,0,0,3,3,dermatitis_alergica
perro,1,0,0,0,0,0,0,0,0,0,1,1,0,1,1,0,1,0,0,0,0,1,0,1,0,0,0,0,0,0,0,0,0,0,1,1,0,0,0,0,0,1,1,leptospirosis
perro,1,0,0,0,0,0,0,0,0,0,2,1,0,1,1,0,1,1,0,0,0,1,0,1,0,0,0,0,0,0,0,0,0,0,1,1,0,0,0,0,0,1,1,leptospirosis
perro,2,0,0,0,0,0,1,0,1,0,2,2,0,2,1,0,2,1,1,0,0,2,0,1,0,0,0,0,0,0,0,0,0,0,2,2,0,0,0,0,0,1,2,leptospirosis
perro,2,0,0,0,0,1,1,0,1,0,2,3,1,2,1,0,2,1,1,0,0,2,0,1,0,0,0,0,0,0,0,0,0,0,2,2,1,0,0,0,0,1,2,leptospirosis
perro,2,0,0,0,0,1,1,0,1,0,3,3,1,2,2,1,2,2,1,0,0,2,0,2,0,0,0,0,0,0,0,0,0,0,2,2,1,0,0,0,0,1,2,leptospirosis
perro,3,0,0,0,0,1,1,0,1,0,3,3,2,2,2,1,2,2,1,0,0,2,0,2,0,0,0,0,0,0,0,0,0,0,2,2,2,0,0,0,0,1,2,leptospirosis
perro,3,0,0,0,0,2,2,0,1,0,3,3,2,2,2,1,2,2,1,0,0,2,0,2,0,0,0,0,0,0,0,0,0,0,2,2,2,1,0,0,0,1,2,leptospirosis
perro,3,0,0,0,0,2,2,1,1,0,3,3,2,2,3,2,2,2,2,0,0,2,0,3,0,0,0,0,0,0,0,0,0,0,2,2,2,1,1,0,0,1,2,leptospirosis
perro,3,0,0,0,0,2,2,1,1,0,3,3,3,3,3,2,2,2,2,0,0,3,0,3,0,0,0,0,0,0,0,0,0,0,3,2,2,2,1,1,0,1,2,leptospirosis
perro,3,0,0,0,0,3,3,1,1,0,3,3,3,3,3,3,2,3,3,0,0,3,0,3,0,0,0,0,0,0,0,0,0,0,3,3,3,2,1,0,1,2,2,leptospirosis
perro,1,0,0,0,0,0,0,0,0,0,1,1,0,1,0,0,1,0,0,0,0,1,0,1,0,0,0,0,0,0,0,0,0,0,1,0,0,0,0,0,0,1,1,ehrlichiosis
perro,1,0,0,0,0,0,0,0,0,0,1,1,0,1,0,0,1,0,0,0,0,1,0,1,0,0,0,0,0,0,0,0,0,0,1,0,0,0,0,0,0,1,1,ehrlichiosis
perro,1,0,0,1,0,0,1,0,0,0,1,2,0,1,0,0,1,0,1,0,0,2,0,2,0,0,0,0,0,0,0,0,0,0,1,0,0,0,0,0,0,1,2,ehrlichiosis
perro,2,0,0,1,0,0,1,0,1,0,1,2,0,1,1,0,1,0,2,0,0,2,0,2,0,0,0,0,0,0,1,1,0,0,2,0,0,0,0,1,1,0,2,ehrlichiosis
perro,2,0,0,1,1,0,1,0,1,0,1,3,0,1,1,0,1,0,2,0,0,3,0,3,0,0,0,0,0,0,1,1,1,0,2,0,0,2,1,1,0,1,2,ehrlichiosis
perro,2,1,0,1,1,0,1,1,1,0,2,3,1,2,2,0,2,1,2,0,0,3,0,3,0,0,0,0,0,0,2,1,1,0,2,0,0,2,1,1,0,1,2,ehrlichiosis
perro,3,1,0,1,2,0,1,2,1,0,3,3,2,2,2,1,2,2,2,0,0,3,0,3,0,0,0,0,0,0,2,2,2,1,2,0,0,2,1,1,1,1,2,ehrlichiosis
perro,3,2,0,2,2,0,1,2,1,0,3,3,2,2,2,1,3,2,2,0,0,3,0,3,0,0,0,0,0,0,2,2,2,1,2,0,0,2,2,1,1,1,2,ehrlichiosis
perro,3,2,1,2,3,1,1,2,1,0,3,3,3,3,3,1,3,3,3,0,0,3,0,3,0,0,0,0,0,0,2,3,2,1,3,0,0,3,2,1,1,1,3,ehrlichiosis
perro,3,3,2,3,3,1,2,2,1,0,3,3,3,3,3,2,3,3,3,0,0,3,0,3,0,0,0,0,0,0,3,3,3,2,3,1,0,3,2,2,1,1,3,ehrlichiosis
perro,1,0,0,0,0,0,0,0,0,0,1,1,0,0,0,0,0,0,0,0,0,1,0,1,0,0,0,0,0,0,0,0,0,0,1,0,0,0,0,0,0,0,0,babesiosis
perro,1,0,0,0,0,0,0,0,0,0,1,1,0,0,0,0,0,0,0,0,0,1,0,1,0,0,0,0,0,0,0,0,0,0,1,0,0,0,0,0,0,0,1,babesiosis
perro,2,0,0,1,0,0,0,0,1,0,1,2,0,0,0,0,0,0,1,0,0,2,0,2,0,0,0,0,0,0,1,0,0,0,2,0,0,0,0,0,0,0,1,babesiosis
perro,2,0,0,1,0,0,0,0,1,0,1,3,0,0,0,0,0,0,2,0,0,2,0,2,0,0,0,0,0,0,1,0,0,0,2,0,0,0,0,0,0,0,2,babesiosis
perro,2,1,0,1,1,0,0,1,1,0,2,3,0,1,0,0,0,0,2,0,0,3,0,3,0,0,0,0,0,0,2,0,0,0,2,0,0,0,0,0,0,0,2,babesiosis
perro,3,1,0,1,1,0,0,1,1,0,3,3,0,1,0,0,0,0,2,0,0,3,0,3,0,0,0,0,0,0,2,0,0,0,3,0,0,0,0,0,0,0,2,babesiosis
perro,3,2,0,2,2,0,0,1,1,0,3,3,0,2,1,0,0,0,3,0,0,3,0,3,0,0,0,0,0,0,2,0,0,0,3,0,0,0,0,0,0,0,2,babesiosis
perro,3,2,1,2,2,0,0,1,1,0,3,3,1,2,1,0,0,0,3,0,0,3,0,3,0,0,0,0,0,0,3,0,0,0,3,0,0,0,0,0,0,0,3,babesiosis
perro,3,3,1,2,3,0,0,1,1,0,3,3,2,2,1,0,0,0,3,0,0,3,0,3,0,0,0,0,0,0,3,0,0,0,3,0,0,0,0,0,0,0,3,babesiosis
perro,3,3,2,3,3,0,0,1,1,0,3,3,3,3,2,0,0,0,3,0,0,3,0,3,0,0,0,0,0,0,3,0,0,0,3,0,0,0,0,0,0,0,3,babesiosis
perro,1,0,0,0,0,0,0,0,1,0,1,0,0,0,0,0,0,0,0,0,0,0,0,0,0,0,0,0,0,0,0,0,0,0,1,0,0,0,0,0,0,0,0,dirofilariosis
perro,1,0,0,0,0,0,0,0,1,0,1,0,0,0,0,0,0,0,0,0,0,0,0,0,0,0,0,0,0,0,0,0,0,0,1,0,0,0,0,0,0,0,0,dirofilariosis
perro,2,0,0,0,0,0,0,0,2,0,1,1,0,0,0,0,0,0,0,0,0,0,0,0,0,0,0,0,0,0,1,0,0,0,2,0,0,0,0,0,0,0,0,dirofilariosis
perro,2,0,0,0,0,0,0,0,2,0,2,1,0,0,0,0,0,0,0,0,0,0,0,0,0,0,0,0,0,0,2,0,0,0,2,0,0,0,0,0,0,0,0,dirofilariosis
perro,2,0,0,0,0,0,0,0,2,0,2,2,0,0,0,0,0,0,1,0,0,2,0,2,0,0,0,0,0,0,2,0,0,0,2,0,0,0,0,0,0,0,0,dirofilariosis
perro,3,0,0,0,0,0,0,0,2,0,3,2,0,1,0,0,0,0,1,0,0,2,0,2,0,0,0,0,0,0,3,0,0,0,3,0,0,0,0,0,0,0,0,dirofilariosis
perro,3,0,0,0,0,0,0,0,2,0,3,2,0,2,0,0,0,0,2,0,0,3,0,3,0,0,0,0,0,0,3,0,0,0,3,0,0,0,0,0,0,0,0,dirofilariosis
perro,3,0,0,0,0,0,0,0,3,0,3,3,0,2,1,0,0,0,2,0,0,3,0,3,0,0,0,0,0,0,3,0,0,0,3,0,0,0,0,0,0,0,0,dirofilariosis
perro,3,0,0,0,0,0,0,0,3,0,3,3,0,3,1,0,0,0,3,0,0,3,0,3,0,0,0,0,0,0,3,0,0,0,3,0,0,0,0,0,0,0,0,dirofilariosis
perro,3,0,0,0,0,0,0,0,3,0,3,3,0,3,2,0,0,0,3,0,0,3,0,3,0,0,0,0,0,0,3,0,0,0,3,0,0,0,0,0,0,0,0,dirofilariosis
perro,1,0,0,0,0,0,0,0,0,0,0,0,0,0,0,0,0,0,0,0,0,1,0,1,0,0,0,0,0,0,0,0,0,0,1,0,0,0,0,0,0,0,0, envenenamiento_rodenticidas
perro,1,0,0,0,0,0,0,0,0,0,0,0,0,0,0,0,0,0,0,0,0,1,0,1,0,0,0,0,0,0,0,0,0,0,1,0,0,0,0,0,0,0,1, envenenamiento_rodenticidas
perro,2,0,0,0,0,0,0,0,0,0,0,1,0,0,0,0,0,0,0,0,0,1,0,1,1,0,0,0,0,0,0,0,0,0,1,0,0,0,0,0,0,1,1, envenenamiento_rodenticidas
perro,2,0,0,0,0,0,0,0,0,0,0,1,0,0,0,0,0,0,0,0,0,1,0,1,1,0,0,0,0,0,0,0,0,0,2,0,0,0,0,0,0,1,1, envenenamiento_rodenticidas
perro,2,0,0,0,0,0,0,0,0,0,0,2,0,0,0,0,0,0,0,0,0,2,0,2,1,0,0,0,0,0,0,0,0,0,2,0,0,0,0,0,0,1,1, envenenamiento_rodenticidas
perro,3,0,0,0,0,0,0,0,0,0,0,2,0,1,0,0,0,0,1,0,0,2,0,2,1,0,0,0,0,0,0,0,0,0,2,0,0,0,0,0,0,1,2, envenenamiento_rodenticidas
perro,3,0,0,0,0,0,0,0,0,0,0,3,0,2,0,0,0,0,2,0,0,3,0,3,1,0,0,0,0,0,0,0,0,0,3,0,0,0,0,0,0,1,2, envenenamiento_rodenticidas
perro,3,0,0,0,0,0,0,0,0,0,0,3,0,2,0,0,0,0,2,0,0,3,0,3,2,0,0,0,0,0,0,0,0,0,3,0,0,0,0,0,0,2,2, envenenamiento_rodenticidas
perro,3,0,0,0,0,0,0,0,0,0,0,3,0,3,1,0,0,0,3,0,0,3,0,3,2,0,0,0,0,0,0,0,0,0,3,0,0,0,0,0,0,2,3, envenenamiento_rodenticidas
perro,3,0,0,0,0,0,0,0,0,0,0,3,0,3,2,0,0,0,3,0,0,3,0,3,3,0,0,0,0,0,0,0,0,0,3,0,0,0,0,0,0,3,3, envenenamiento_rodenticidas
gato,1,0,0,0,0,0,0,0,0,0,0,0,0,0,0,0,0,0,0,0,0,1,0,1,0,0,0,0,0,0,0,0,0,0,1,0,0,0,0,0,0,0,0, envenenamiento_rodenticidas
gato,1,0,0,0,0,0,0,0,0,0,0,0,0,0,0,0,0,0,0,0,0,1,0,1,0,0,0,0,0,0,0,0,0,0,1,0,0,0,0,0,0,0,0, envenenamiento_rodenticidas
gato,2,0,0,0,0,0,0,0,0,0,0,1,0,0,0,0,0,0,0,0,0,1,0,1,0,0,0,0,0,0,0,0,0,0,1,0,0,0,0,0,0,0,1, envenenamiento_rodenticidas
gato,2,0,0,0,0,0,0,0,0,0,0,1,0,0,0,0,0,0,0,0,0,1,0,1,0,0,0,0,0,0,0,0,0,0,1,0,0,0,0,0,0,0,2, envenenamiento_rodenticidas
gato,2,0,0,0,0,0,0,0,0,0,0,2,0,0,0,0,0,0,1,0,0,2,0,2,0,0,0,0,0,0,0,0,0,0,2,0,0,0,0,0,0,1,2, envenenamiento_rodenticidas
gato,3,0,0,0,0,0,0,0,0,0,0,2,0,1,0,0,0,0,1,0,0,2,0,2,0,0,0,0,0,0,0,0,0,0,2,0,0,0,0,0,0,2,2, envenenamiento_rodenticidas
gato,3,0,0,0,0,0,0,0,0,0,0,3,0,2,0,0,0,0,2,0,0,3,0,3,0,0,0,0,0,0,0,0,0,0,3,0,0,0,0,0,0,2,2, envenenamiento_rodenticidas
gato,3,0,0,0,0,0,0,0,0,0,0,3,0,2,0,0,0,0,2,0,0,3,0,3,1,0,0,0,0,0,0,0,0,0,3,0,0,0,0,0,0,3,2, envenenamiento_rodenticidas
gato,3,0,0,0,0,0,0,0,0,0,0,3,0,3,0,0,0,0,3,0,0,3,0,3,2,0,0,0,0,0,0,0,0,0,3,0,0,0,0,0,0,3,3, envenenamiento_rodenticidas
gato,3,0,0,0,0,0,0,0,0,0,0,3,0,3,1,0,0,0,3,0,0,3,0,3,3,0,0,0,0,0,0,0,0,0,3,0,0,0,0,0,0,3,3, envenenamiento_rodenticidas
perro,1,0,0,0,0,0,0,0,0,0,0,0,0,0,0,0,0,0,0,0,0,0,0,0,0,0,0,0,0,0,1,0,0,0,1,0,0,0,0,0,1,1,1,displasia_cadera
perro,1,0,0,0,0,0,0,0,0,0,0,0,0,0,0,0,0,0,0,0,0,0,0,0,0,0,0,0,0,0,1,1,0,0,1,0,0,0,0,0,1,1,2,displasia_cadera
perro,2,0,0,0,0,0,0,0,0,0,0,0,0,0,0,0,0,0,0,0,0,0,0,0,0,0,0,0,0,0,2,1,0,0,1,0,0,0,0,0,1,2,2,displasia_cadera
perro,2,0,0,0,0,0,0,0,0,0,0,0,0,0,0,0,0,0,0,0,0,0,0,0,0,0,0,0,0,0,2,2,1,0,1,0,0,0,0,0,2,2,3,displasia_cadera
perro,3,0,0,0,0,0,0,0,0,0,0,0,0,0,0,0,0,0,0,0,0,0,0,0,0,0,0,0,0,0,3,2,1,0,2,0,0,0,0,0,2,2,4,displasia_cadera
perro,3,0,0,0,0,0,0,0,0,0,0,0,0,0,0,0,0,0,0,0,0,0,0,0,0,0,0,0,0,0,3,3,2,1,2,0,0,0,0,0,3,2,5,displasia_cadera
perro,3,0,0,0,0,0,0,0,0,0,0,0,0,0,0,0,0,0,0,0,0,0,0,0,0,0,0,0,0,0,3,3,3,2,3,0,0,0,0,0,3,3,6,displasia_cadera
perro,3,0,0,0,0,0,0,0,0,0,0,0,0,0,0,0,0,0,0,0,0,0,0,0,0,0,0,0,0,0,3,3,3,3,3,0,0,0,0,0,3,3,7,displasia_cadera
perro,3,0,0,0,0,0,0,0,0,0,0,0,0,0,0,0,0,0,0,0,0,0,0,0,0,0,0,0,0,0,3,3,3,3,3,1,0,0,0,0,3,3,8,displasia_cadera
perro,3,0,0,0,0,0,0,0,0,0,0,0,0,0,0,0,0,0,0,0,0,0,0,0,0,0,0,0,0,0,3,3,3,3,3,2,0,0,0,0,3,3,9,displasia_cadera
gato,1,0,0,0,0,0,0,0,0,0,0,0,0,0,0,0,0,0,0,0,0,0,0,0,0,0,0,0,0,0,1,0,0,0,1,0,0,0,0,0,1,1,1,displasia_cadera
gato,1,0,0,0,0,0,0,0,0,0,0,0,0,0,0,0,0,0,0,0,0,0,0,0,0,0,0,0,0,0,1,1,0,0,1,0,0,0,0,0,1,1,2,displasia_cadera
gato,2,0,0,0,0,0,0,0,0,0,0,0,0,0,0,0,0,0,0,0,0,0,0,0,0,0,0,0,0,0,2,1,0,0,1,0,0,0,0,0,1,2,2,displasia_cadera
gato,2,0,0,0,0,0,0,0,0,0,0,0,0,0,0,0,0,0,0,0,0,0,0,0,0,0,0,0,0,0,2,2,1,0,1,0,0,0,0,0,2,2,3,displasia_cadera
gato,3,0,0,0,0,0,0,0,0,0,0,0,0,0,0,0,0,0,0,0,0,0,0,0,0,0,0,0,0,0,3,2,1,0,2,0,0,0,0,0,2,2,4,displasia_cadera
gato,3,0,0,0,0,0,0,0,0,0,0,0,0,0,0,0,0,0,0,0,0,0,0,0,0,0,0,0,0,0,3,3,2,1,2,0,0,0,0,0,3,2,5,displasia_cadera
gato,3,0,0,0,0,0,0,0,0,0,0,0,0,0,0,0,0,0,0,0,0,0,0,0,0,0,0,0,0,0,3,3,3,2,3,0,0,0,0,0,3,3,6,displasia_cadera
gato,3,0,0,0,0,0,0,0,0,0,0,0,0,0,0,0,0,0,0,0,0,0,0,0,0,0,0,0,0,0,3,3,3,3,3,0,0,0,0,0,3,3,7,displasia_cadera
gato,3,0,0,0,0,0,0,0,0,0,0,0,0,0,0,0,0,0,0,0,0,0,0,0,0,0,0,0,0,0,3,3,3,3,3,1,0,0,0,0,3,3,8,displasia_cadera
gato,3,0,0,0,0,0,0,0,0,0,0,0,0,0,0,0,0,0,0,0,0,0,0,0,0,0,0,0,0,0,3,3,3,3,3,2,0,0,0,0,3,3,9,displasia_cadera
perro,1,0,0,0,0,0,0,0,0,0,0,0,0,0,0,0,0,0,0,0,0,0,0,0,0,0,0,0,0,0,0,0,0,0,1,0,0,0,0,0,1,1,1,otitis_canina
perro,1,0,0,0,0,0,0,0,0,0,0,0,0,0,0,0,0,0,0,0,0,0,0,0,0,0,0,0,0,0,0,0,0,0,2,0,0,0,0,0,1,2,1,otitis_canina
perro,2,0,0,0,0,0,0,0,0,0,0,0,0,0,0,0,0,0,0,0,0,0,0,0,0,0,0,0,0,0,0,0,0,0,2,1,0,0,0,0,2,2,2,otitis_canina
perro,2,0,0,0,0,0,0,0,0,0,0,0,0,0,0,0,0,0,0,0,0,0,0,0,0,0,0,0,0,0,2,2,0,0,2,1,0,0,0,0,2,2,3,otitis_canina
perro,3,0,0,0,0,0,0,0,0,0,0,0,0,0,0,0,0,0,0,0,0,0,0,0,0,0,0,0,0,0,3,2,1,0,3,1,0,0,0,0,3,2,4,otitis_canina
perro,3,0,0,0,0,0,0,0,0,0,0,0,0,0,0,0,0,0,0,0,0,0,0,0,0,0,0,0,0,0,3,3,2,0,3,1,0,0,0,0,3,3,5,otitis_canina
perro,3,0,0,0,0,0,0,0,0,0,0,0,0,0,0,0,0,0,0,0,0,0,0,0,0,0,0,0,0,0,3,3,3,1,3,2,0,0,0,0,3,3,6,otitis_canina
perro,3,0,0,0,0,0,0,0,0,0,0,0,0,0,0,0,0,0,0,0,0,0,0,0,0,0,0,0,0,0,3,3,3,2,3,2,0,0,0,0,3,3,7,otitis_canina
perro,3,0,0,0,0,0,0,0,0,0,0,0,0,0,0,0,0,0,0,0,0,0,0,0,0,0,0,0,0,0,3,3,3,3,3,2,0,0,0,0,3,3,8,otitis_canina
perro,3,0,0,0,0,0,0,0,0,0,0,0,0,0,0,0,0,0,0,0,0,0,0,0,0,0,0,0,0,0,3,3,3,3,3,3,0,0,0,0,3,3,9,otitis_canina
gato,1,0,0,0,0,0,0,0,1,0,1,1,0,1,0,0,0,0,0,0,0,0,0,0,0,0,0,0,0,0,0,0,0,0,1,0,0,0,0,0,1,1,1,gastritis_felina
gato,1,0,0,0,0,0,0,0,1,0,2,1,0,1,0,0,0,0,0,0,0,0,0,0,0,0,0,0,0,0,0,0,0,0,1,1,0,0,0,0,1,1,1,gastritis_felina
gato,2,0,0,0,0,0,0,0,2,0,2,2,0,2,0,0,0,0,0,0,0,0,0,0,0,0,0,0,0,0,0,0,0,0,2,0,0,0,0,0,2,2,2,gastritis_felina
gato,2,0,0,0,0,0,0,0,2,0,3,2,0,2,1,0,1,0,0,0,0,0,0,0,0,0,0,0,0,0,0,0,0,0,2,1,0,0,0,0,2,2,3,gastritis_felina
gato,3,0,0,0,0,0,0,0,3,0,3,3,0,3,1,0,2,0,0,0,0,0,0,0,0,0,0,0,0,0,0,0,0,0,3,1,0,0,0,0,3,2,4,gastritis_felina
gato,3,0,0,0,0,0,0,0,3,0,3,3,0,3,1,0,2,0,0,0,0,0,0,0,0,0,0,0,0,0,0,0,0,0,3,1,0,0,0,0,3,3,5,gastritis_felina
gato,3,0,0,0,0,0,0,0,3,0,3,3,0,3,2,0,3,1,0,0,0,0,0,0,0,0,0,0,0,0,0,0,0,0,3,2,0,0,0,0,3,3,6,gastritis_felina
gato,3,0,0,0,0,0,0,0,3,0,3,3,0,3,2,0,3,1,0,0,0,0,0,0,0,0,0,0,0,0,0,0,0,0,3,2,0,0,0,0,3,3,7,gastritis_felina
gato,3,0,0,0,0,0,0,0,3,0,3,3,0,3,3,1,3,1,0,0,0,0,0,0,0,0,0,0,0,0,0,0,0,0,3,2,0,0,0,0,3,3,8,gastritis_felina
gato,3,0,0,0,0,0,0,0,3,0,3,3,0,3,3,1,3,2,0,0,0,0,0,0,0,0,0,0,0,0,0,0,0,0,3,3,0,0,0,0,3,3,9,gastritis_felina
gato,1,0,0,0,0,0,0,0,0,0,0,0,0,0,0,0,0,0,0,0,0,0,0,0,0,0,0,0,0,0,0,0,0,0,1,0,0,0,0,0,1,1,1,rinotraqueitis_viral_felina
gato,1,0,0,0,0,0,0,0,0,0,0,0,0,0,0,0,0,0,0,0,0,0,0,0,0,0,0,0,0,0,0,0,0,0,1,0,0,0,0,0,1,2,1,rinotraqueitis_viral_felina
gato,2,0,0,0,0,0,0,0,1,0,2,1,0,1,0,0,0,0,0,0,0,0,0,0,0,0,0,0,0,0,0,0,0,0,2,0,0,0,0,0,2,2,2,rinotraqueitis_viral_felina
gato,2,0,0,0,0,0,0,0,1,0,3,2,0,2,0,0,0,0,0,0,0,0,0,0,0,0,0,0,0,0,0,0,0,0,2,1,0,0,0,0,2,2,3,rinotraqueitis_viral_felina
gato,3,0,0,0,0,0,0,0,2,0,3,3,0,3,1,0,0,0,0,0,0,0,0,0,0,0,0,0,0,0,0,0,0,0,3,1,0,0,0,0,3,2,4,rinotraqueitis_viral_felina
gato,3,0,0,0,0,0,0,0,2,0,3,3,0,3,1,0,0,0,0,0,0,0,0,0,0,0,0,0,0,0,0,0,0,0,3,1,0,0,0,0,3,3,5,rinotraqueitis_viral_felina
gato,3,0,0,0,0,0,0,0,3,0,3,3,0,3,2,0,0,0,0,0,0,0,0,0,0,0,0,0,0,0,0,0,0,0,3,2,0,0,0,0,3,3,6,rinotraqueitis_viral_felina
gato,3,0,0,0,0,0,0,0,3,0,3,3,0,3,2,0,0,0,0,0,0,0,0,0,0,0,0,0,0,0,0,0,0,0,3,2,0,0,0,0,3,3,7,rinotraqueitis_viral_felina
gato,3,0,0,0,0,0,0,0,3,0,3,3,0,3,3,1,0,0,0,0,0,0,0,0,0,0,0,0,0,0,0,0,0,0,3,2,0,0,0,0,3,3,8,rinotraqueitis_viral_felina
gato,3,0,0,0,0,0,0,0,3,0,3,3,0,3,3,1,0,0,0,0,0,0,0,0,0,0,0,0,0,0,0,0,0,0,3,3,0,0,0,0,3,3,9,rinotraqueitis_viral_felina
gato,1,0,0,0,0,0,0,0,0,0,0,0,0,0,0,0,0,0,0,0,0,0,0,0,0,0,0,0,0,0,0,0,0,0,0,0,0,0,0,0,0,0,0,cistitis_felina
gato,1,0,0,0,0,0,0,0,0,0,0,0,0,0,0,0,0,0,0,0,0,0,0,0,0,0,1,0,0,0,0,0,0,0,0,0,0,0,0,0,0,0,0,cistitis_felina
gato,2,0,0,0,0,0,0,0,0,0,0,0,0,0,0,0,0,0,0,0,0,0,0,0,0,0,2,0,0,0,0,0,0,0,0,0,0,0,0,0,0,0,0,cistitis_felina
gato,2,0,0,0,0,0,0,0,0,0,0,0,0,0,0,0,0,0,0,0,0,0,0,0,0,0,2,1,0,0,0,0,0,0,0,0,0,0,0,0,0,0,0,cistitis_felina
gato,3,0,0,0,0,0,0,0,0,0,0,0,0,0,0,0,0,0,0,0,0,0,0,0,0,0,3,1,0,0,0,0,0,0,0,0,0,0,0,0,0,0,0,cistitis_felina
gato,3,0,0,0,0,0,0,0,0,0,0,0,0,0,0,0,0,0,0,0,0,0,0,0,0,0,3,2,0,0,0,0,0,0,0,0,0,0,0,0,0,0,0,cistitis_felina
gato,3,0,0,0,0,0,0,0,0,0,0,0,0,0,0,0,0,0,0,0,0,0,0,0,0,0,3,2,1,0,0,0,0,0,0,0,0,0,0,0,0,0,0,cistitis_felina
gato,3,0,0,0,0,0,0,0,0,0,0,0,0,0,0,0,0,0,0,0,0,0,0,0,0,0,3,3,1,0,0,0,0,0,0,0,0,0,0,0,0,0,0,cistitis_felina
gato,3,0,0,0,0,0,0,0,0,0,0,0,0,0,0,0,0,0,0,0,0,0,0,0,0,0,3,3,2,1,0,0,0,0,0,0,0,0,0,0,0,0,0,cistitis_felina
gato,3,0,0,0,0,0,0,0,0,0,0,0,0,0,0,0,0,0,0,0,0,0,0,0,0,0,3,3,3,2,0,0,0,0,0,0,0,0,0,0,0,0,0,cistitis_felina
gato,1,0,0,0,0,0,0,0,0,0,0,0,0,0,0,0,0,0,0,0,0,0,0,0,0,0,1,1,0,0,0,0,0,0,0,0,0,0,0,0,0,0,0,sarna_felina
gato,1,0,0,0,0,0,0,0,0,0,0,0,0,0,0,0,0,0,0,0,0,0,0,0,0,0,1,2,0,0,0,0,0,0,0,0,0,0,0,0,0,0,0,sarna_felina
gato,2,0,0,0,0,0,0,0,0,0,0,0,0,0,0,0,0,0,0,0,0,0,0,0,0,0,2,2,1,0,0,0,0,0,0,0,0,0,0,0,0,0,0,sarna_felina
gato,2,0,0,0,0,0,0,0,0,0,0,0,0,0,0,0,0,0,0,0,0,0,0,0,0,0,2,3,1,0,0,0,0,0,0,0,0,0,0,0,0,0,0,sarna_felina
gato,3,0,0,0,0,0,0,0,0,0,0,0,0,0,0,0,0,0,0,0,0,0,0,0,0,0,3,1,1,0,0,0,0,0,0,0,0,0,0,0,0,0,0,sarna_felina
gato,3,0,0,0,0,0,0,0,0,0,0,0,0,0,0,0,0,0,0,0,0,0,0,0,0,0,3,2,1,0,0,0,0,0,0,0,0,0,0,0,0,0,0,sarna_felina
gato,3,0,0,0,0,0,0,0,0,0,0,0,0,0,0,0,0,0,0,0,0,0,0,0,0,0,3,2,2,0,0,0,0,0,0,0,0,0,0,0,0,0,0,sarna_felina
gato,3,0,0,0,0,0,0,0,0,0,0,0,0,0,0,0,0,0,0,0,0,0,0,0,0,0,3,3,2,0,0,0,0,0,0,0,0,0,0,0,0,0,0,sarna_felina
gato,3,0,0,0,0,0,0,0,0,0,0,0,0,0,0,0,0,0,0,0,0,0,0,0,0,0,3,3,3,1,0,0,0,0,0,0,0,0,0,0,0,0,0,sarna_felina
gato,3,0,0,0,0,0,0,0,0,0,0,0,0,0,0,0,0,0,0,0,0,0,0,0,0,0,3,3,3,2,0,0,0,0,0,0,0,0,0,0,0,0,0,sarna_felina
gato,1,0,0,0,0,0,0,0,0,0,0,1,0,1,0,0,0,0,0,0,0,0,0,0,0,0,0,0,0,0,0,0,0,0,0,0,0,0,0,0,0,0,0,virus_inmunodeficiencia_felina
gato,1,0,0,0,0,0,0,0,0,0,0,1,0,1,0,0,0,0,0,0,0,0,0,0,0,0,0,0,0,0,0,0,0,0,0,0,0,0,0,0,1,0,0,virus_inmunodeficiencia_felina
gato,2,0,0,0,0,0,0,0,0,0,0,2,0,1,1,0,0,0,0,0,0,0,0,0,0,0,0,0,0,0,0,0,0,0,0,0,0,0,0,0,1,1,0,virus_inmunodeficiencia_felina
gato,2,0,0,0,0,0,0,0,0,0,0,2,0,2,1,0,0,0,0,0,0,0,0,0,0,0,0,0,0,0,0,0,0,0,0,0,0,0,0,0,2,1,0,virus_inmunodeficiencia_felina
gato,3,0,0,0,0,0,0,0,0,0,0,2,0,2,1,0,0,1,0,0,0,0,0,0,0,0,0,0,0,0,0,0,0,0,0,0,0,0,0,0,2,2,0,virus_inmunodeficiencia_felina
gato,3,0,0,0,0,0,0,0,0,0,0,3,0,2,2,0,0,1,0,0,0,0,0,0,0,0,0,0,0,0,0,0,0,0,0,0,0,0,0,0,2,2,1,virus_inmunodeficiencia_felina
gato,3,0,0,0,0,0,0,0,0,0,0,3,0,3,2,0,0,1,0,0,0,0,0,0,0,0,0,0,0,0,0,0,0,0,0,0,0,0,0,0,3,2,1,virus_inmunodeficiencia_felina
gato,3,0,0,0,0,0,0,0,0,0,0,3,0,3,2,0,0,2,0,0,0,0,0,0,0,0,0,0,0,0,0,0,0,0,0,0,0,0,0,0,3,3,1,virus_inmunodeficiencia_felina
gato,3,0,0,0,0,0,0,0,0,0,0,3,0,3,3,0,0,2,0,0,0,0,0,0,0,0,0,0,0,0,0,0,0,0,0,0,0,0,0,0,3,3,2,virus_inmunodeficiencia_felina
gato,3,0,0,0,0,0,0,0,0,0,0,3,0,3,3,0,0,3,0,0,0,0,0,0,0,0,0,0,0,0,0,0,0,0,0,0,0,0,0,0,3,3,3,virus_inmunodeficiencia_felina
gato,1,0,0,0,0,0,0,0,0,0,0,1,0,1,0,0,0,0,0,0,0,0,0,0,0,0,0,0,0,0,0,0,0,0,0,0,0,0,0,0,0,0,0,leucemia_felina
gato,1,0,0,0,0,0,0,0,0,0,0,1,0,1,0,0,0,0,0,0,0,0,0,0,0,0,0,0,0,0,0,0,0,0,0,0,0,0,0,0,1,0,0,leucemia_felina
gato,2,0,0,0,0,0,0,0,0,0,0,2,0,1,1,0,0,0,0,0,0,0,0,0,0,0,0,0,0,0,0,0,0,0,0,0,0,0,0,0,1,1,0,leucemia_felina
gato,2,0,0,0,0,0,0,0,0,0,0,2,0,2,1,0,0,0,0,0,0,0,0,0,0,0,0,0,0,0,0,0,0,0,0,0,0,0,0,0,2,1,0,leucemia_felina
gato,3,0,0,0,0,0,0,0,0,0,0,2,0,2,1,0,0,1,0,0,0,0,0,0,0,0,0,0,0,0,0,0,0,0,0,0,0,0,0,0,2,2,0,leucemia_felina
gato,3,0,0,0,0,0,0,0,0,0,0,3,0,2,2,0,0,1,0,0,0,0,0,0,0,0,0,0,0,0,0,0,0,0,0,0,0,0,0,0,2,2,1,leucemia_felina
gato,3,0,0,0,0,0,0,0,0,0,0,3,0,3,2,0,0,1,0,0,0,0,0,0,0,0,0,0,0,0,0,0,0,0,0,0,0,0,0,0,3,2,1,leucemia_felina
gato,3,0,0,0,0,0,0,0,0,0,0,3,0,3,2,0,0,2,0,0,0,0,0,0,0,0,0,0,0,0,0,0,0,0,0,0,0,0,0,0,3,3,1,leucemia_felina
gato,3,0,0,0,0,0,0,0,0,0,0,3,0,3,3,0,0,2,0,0,0,0,0,0,0,0,0,0,0,0,0,0,0,0,0,0,0,0,0,0,3,3,2,leucemia_felina
gato,3,0,0,0,0,0,0,0,0,0,0,3,0,3,3,0,0,3,0,0,0,0,0,0,0,0,0,0,0,0,0,0,0,0,0,0,0,0,0,0,3,3,3,leucemia_felina
gato,1,0,0,0,0,0,0,0,0,0,0,1,0,1,0,0,0,0,0,0,0,0,0,0,0,0,0,0,0,0,0,0,0,0,0,0,0,0,0,0,0,0,0,enfermedad_renal_cronica
gato,1,0,0,0,0,0,0,0,0,0,0,1,0,1,0,0,0,0,0,0,0,0,0,0,0,0,1,0,0,0,0,0,0,0,0,0,0,0,0,0,0,1,0,enfermedad_renal_cronica
gato,2,0,0,0,0,0,0,0,0,0,0,2,0,1,1,0,0,0,0,0,0,0,0,0,0,0,2,0,0,0,0,0,0,0,0,0,0,0,0,0,1,2,0,enfermedad_renal_cronica
gato,2,0,0,0,0,0,0,0,0,0,0,2,0,2,1,0,0,0,0,0,0,0,0,0,0,0,2,1,0,0,0,0,0,0,0,0,0,0,0,0,2,2,0,enfermedad_renal_cronica
gato,3,0,0,0,0,0,0,0,0,0,0,2,0,2,1,0,0,1,0,0,0,0,0,0,0,0,3,1,0,0,0,0,0,0,0,0,0,0,0,0,2,3,0,enfermedad_renal_cronica
gato,3,0,0,0,0,0,0,0,0,0,0,3,0,2,2,0,0,1,0,0,0,0,0,0,0,0,3,2,0,0,0,0,0,0,0,0,0,0,0,0,2,3,1,enfermedad_renal_cronica
gato,3,0,0,0,0,0,0,0,0,0,0,3,0,3,2,0,0,1,0,0,0,0,0,0,0,0,3,2,1,0,0,0,0,0,0,0,0,0,0,0,3,3,1,enfermedad_renal_cronica
gato,3,0,0,0,0,0,0,0,0,0,0,3,0,3,2,0,0,2,0,0,0,0,0,0,0,0,3,3,1,0,0,0,0,0,0,0,0,0,0,0,3,3,2,enfermedad_renal_cronica
gato,3,0,0,0,0,0,0,0,0,0,0,3,0,3,3,0,0,2,0,0,0,0,0,0,0,0,3,3,2,0,0,0,0,0,0,0,0,0,0,0,3,3,3,enfermedad_renal_cronica
gato,3,0,0,0,0,0,0,0,0,0,0,3,0,3,3,0,0,3,0,0,0,0,0,0,0,0,3,3,3,0,0,0,0,0,0,0,0,0,0,0,3,3,4,enfermedad_renal_cronica
gato,1,0,0,0,0,0,1,0,0,0,0,1,0,1,0,0,0,0,0,0,0,0,0,0,0,0,0,0,0,0,0,0,0,0,0,0,0,0,0,0,0,0,0,miocardiopatia_hipertrofica
gato,1,0,0,0,0,0,1,0,0,0,0,1,0,1,0,0,0,0,0,0,0,0,0,0,0,0,1,0,0,0,0,0,0,0,0,0,0,0,0,0,0,0,1,miocardiopatia_hipertrofica
gato,2,0,0,0,0,0,2,0,0,0,0,2,0,1,1,0,0,0,0,0,0,0,0,0,0,0,2,0,0,0,0,0,0,0,0,0,0,0,0,0,1,1,1,miocardiopatia_hipertrofica
gato,2,0,0,0,0,0,2,0,0,0,0,2,0,2,1,0,0,0,0,0,0,0,0,0,0,0,2,1,0,0,0,0,0,0,0,0,0,0,0,0,2,2,1,miocardiopatia_hipertrofica
gato,3,0,0,0,0,0,2,0,0,0,0,2,0,2,1,0,0,1,0,0,0,0,0,0,0,0,3,1,0,0,0,0,0,0,0,0,0,0,0,0,2,3,1,miocardiopatia_hipertrofica
gato,3,0,0,0,0,0,2,0,0,0,0,3,0,2,2,0,0,1,0,0,0,0,0,0,0,0,3,2,0,0,0,0,0,0,0,0,0,0,0,0,2,3,2,miocardiopatia_hipertrofica
gato,3,0,0,0,0,0,3,0,0,0,0,3,0,3,2,0,0,1,0,0,0,0,0,0,0,0,3,2,1,0,0,0,0,0,0,0,0,0,0,0,3,3,2,miocardiopatia_hipertrofica
gato,3,0,0,0,0,0,3,0,0,0,0,3,0,3,2,0,0,2,0,0,0,0,0,0,0,0,3,3,1,0,0,0,0,0,0,0,0,0,0,0,3,3,3,miocardiopatia_hipertrofica
gato,3,0,0,0,0,0,3,0,0,0,0,3,0,3,3,0,0,2,0,0,0,0,0,0,0,0,3,3,2,0,0,0,0,0,0,0,0,0,0,0,3,3,4,miocardiopatia_hipertrofica
gato,3,0,0,0,0,0,3,0,0,0,0,3,0,3,3,0,0,3,0,0,0,0,0,0,0,0,3,3,3,0,0,0,0,0,0,0,0,0,0,0,3,3,5,miocardiopatia_hipertrofica
gato,1,0,0,0,0,0,0,0,0,0,1,1,0,1,0,0,1,0,1,0,0,1,0,1,0,0,0,0,0,0,0,0,0,0,0,0,0,0,0,0,0,0,0,toxoplasmosis_felina
gato,1,0,0,0,0,0,0,0,0,0,2,1,0,1,0,0,1,0,1,0,0,1,0,1,0,0,0,0,0,0,0,0,0,0,0,0,0,0,0,0,0,1,0,toxoplasmosis_felina
gato,2,0,0,0,0,0,0,0,0,0,2,1,0,2,0,0,1,0,1,0,0,2,0,1,0,0,0,0,0,0,0,0,0,0,0,0,0,0,0,0,1,1,0,toxoplasmosis_felina
gato,2,0,0,0,0,0,0,0,0,0,2,2,0,2,0,0,2,0,2,0,0,2,0,1,0,0,0,0,0,0,0,0,0,0,0,0,0,0,0,0,2,1,0,toxoplasmosis_felina
gato,3,0,0,0,0,0,0,0,0,0,3,2,0,3,0,0,2,0,2,0,0,2,0,2,0,0,0,0,0,0,0,0,0,0,0,0,0,0,0,0,2,2,0,toxoplasmosis_felina
gato,3,0,0,0,0,0,0,0,0,0,3,3,0,3,0,0,3,0,2,0,0,3,0,2,0,0,0,0,0,0,0,0,0,0,0,0,0,0,0,0,3,2,1,toxoplasmosis_felina
gato,3,0,0,0,0,0,0,0,0,0,3,3,0,3,1,0,3,0,3,0,0,3,0,2,0,0,0,0,0,0,0,0,0,0,0,0,0,0,0,0,3,3,1,toxoplasmosis_felina
gato,3,0,0,0,0,0,0,0,0,0,3,3,0,3,1,1,3,0,3,0,0,3,0,3,0,0,0,0,0,0,0,0,0,0,0,0,0,0,0,0,3,3,2,toxoplasmosis_felina
gato,3,0,0,0,0,0,0,0,0,0,3,3,0,3,2,1,3,0,3,0,0,3,0,3,0,0,0,0,0,0,0,0,0,0,0,0,0,0,0,0,3,3,3,toxoplasmosis_felina
gato,3,0,0,0,0,0,0,0,0,0,3,3,0,3,3,1,3,0,3,0,0,3,0,3,0,0,0,0,0,0,0,0,0,0,0,0,0,0,0,0,3,3,4,toxoplasmosis_felina
gato,1,0,0,0,0,0,0,0,0,0,0,0,0,0,0,0,0,0,0,0,0,0,0,0,0,1,1,0,0,0,0,0,0,0,0,0,0,0,0,0,0,0,0,dermatitis_por_pulgas
gato,1,0,0,0,0,0,0,0,0,0,0,0,0,0,0,0,0,0,0,0,0,0,0,0,0,1,2,0,0,0,0,0,0,0,0,0,0,0,0,0,0,0,0,dermatitis_por_pulgas
gato,2,0,0,0,0,0,0,0,0,0,0,0,0,0,0,0,0,0,0,0,0,0,0,0,0,2,2,0,0,0,0,0,0,0,0,0,0,0,0,0,0,0,0,dermatitis_por_pulgas
gato,2,0,0,0,0,0,0,0,0,0,0,0,0,0,0,0,0,0,0,0,0,0,0,0,0,2,3,0,0,0,0,0,0,0,0,0,0,0,0,0,0,0,0,dermatitis_por_pulgas
gato,3,0,0,0,0,0,0,0,0,0,0,0,0,0,0,0,0,0,0,0,0,0,0,0,0,3,3,0,0,0,0,0,0,0,0,0,0,0,0,0,0,0,0,dermatitis_por_pulgas
gato,3,0,0,0,0,0,0,0,0,0,0,0,0,0,0,0,0,0,0,0,0,0,0,0,0,3,3,1,0,0,0,0,0,0,0,0,0,0,0,0,0,0,0,dermatitis_por_pulgas
gato,3,0,0,0,0,0,0,0,0,0,0,0,0,0,0,0,0,0,0,0,0,0,0,0,0,3,3,2,0,0,0,0,0,0,0,0,0,0,0,0,0,0,0,dermatitis_por_pulgas
gato,3,0,0,0,0,0,0,0,0,0,0,0,0,0,0,0,0,0,0,0,0,0,0,0,0,3,3,2,1,0,0,0,0,0,0,0,0,0,0,0,0,0,0,dermatitis_por_pulgas
gato,3,0,0,0,0,0,0,0,0,0,0,0,0,0,0,0,0,0,0,0,0,0,0,0,0,3,3,3,1,0,0,0,0,0,0,0,0,0,0,0,0,0,0,dermatitis_por_pulgas
gato,3,0,0,0,0,0,0,0,0,0,0,0,0,0,0,0,0,0,0,0,0,0,0,0,0,3,3,3,2,0,0,0,0,0,0,0,0,0,0,0,0,0,0,dermatitis_por_pulgas